Pipeline,Query,CR,AR,QR,Retrieval_Time,Generation_Time
API LLM,Explain self attention.,0.4619697034358978,0.037526071071624756,0,0.06675243377685547,0.0
API LLM,What is masked language modeling?,0.4865972101688385,-0.0760473683476448,0,0.009022951126098633,0.0
API + Rerank,Explain self attention.,0.45057934522628784,0.037526071071624756,0,0.007017850875854492,0.0
API + Rerank,What is masked language modeling?,0.4659343659877777,-0.0760473683476448,0,0.008028030395507812,0.0
Local LLM,Explain self attention.,0.4879792332649231,0.5974341630935669,1,0.07389378547668457,15.587686538696289
Local LLM,What is masked language modeling?,0.503902792930603,0.7305757999420166,1,0.010015010833740234,5.796523809432983
